<?xml version="1.0" encoding="UTF-8"?>
<project xmlns="http://maven.apache.org/POM/4.0.0" xmlns:xsi="http://www.w3.org/2001/XMLSchema-instance" xsi:schemaLocation="http://maven.apache.org/POM/4.0.0 http://maven.apache.org/maven-v4_0_0.xsd">
  <modelVersion>4.0.0</modelVersion>
  <groupId>edu.learn.kforce2</groupId>
  <artifactId>zipcodeParser</artifactId>
  <version>1.0</version>
  <build>
    <testResources>
      <testResource>
        <directory>src/test/resources</directory>
      </testResource>
    </testResources>
    <finalName>zipcodeParser</finalName>
    <plugins>
      <plugin>
        <artifactId>maven-shade-plugin</artifactId>
        <version>3.0.0</version>
        <executions>
          <execution>
            <phase>package</phase>
            <goals>
              <goal>shade</goal>
            </goals>
          </execution>
        </executions>
        <configuration>
          <transformers>
            <transformer>
              <mainClass>edu.learn.kforce2.ZipCodeParser</mainClass>
            </transformer>
          </transformers>
        </configuration>
      </plugin>
    </plugins>
  </build>
  <dependencies>
    <dependency>
      <groupId>junit</groupId>
      <artifactId>junit</artifactId>
      <version>4.12</version>
      <scope>test</scope>
    </dependency>
    <dependency>
      <groupId>org.hamcrest</groupId>
      <artifactId>hamcrest-core</artifactId>
      <version>1.3</version>
      <scope>test</scope>
    </dependency>
  </dependencies>
  <properties>
    <maven.compiler.source>1.8</maven.compiler.source>
    <project.build.sourceEncoding>UTF-8</project.build.sourceEncoding>
    <maven.compiler.target>1.8</maven.compiler.target>
  </properties>
</project>

